NAME_1,NAME_2,NAME_3,yr2014,yr2022,yr2023,eq_mi
Chaouia - Ouardigha,Ben Slimane,Ben Slimane,5.055547714233398,9.269449234008789,16.13314642404255,4.6
Chaouia - Ouardigha,Ben Slimane,Bouznika,8.783105850219727,18.49851417541504,26.476574257800454,4.4
Chaouia - Ouardigha,Ben Slimane,NA (Ben Slimane),3.3412299156188965,7.545558929443359,13.322789876549331,4.2
Chaouia - Ouardigha,Ben Slimane,NA (Bouznika),50.05915832519531,89.13353729248047,84.09635860041568,NA
Chaouia - Ouardigha,Khouribga,Bejaad,2.1222405433654785,2.6823668479919434,5.813999853636089,4.2
Chaouia - Ouardigha,Khouribga,Khouribga,16.392566680908203,22.944135665893555,26.12548698981603,4.4
Chaouia - Ouardigha,Khouribga,NA (Bejaad),33.489654541015625,56.10862350463867,49.674430161714554,4.2
Chaouia - Ouardigha,Khouribga,NA (Boujniba),4.548705577850342,8.385538101196289,16.73870708096412,4
Chaouia - Ouardigha,Khouribga,NA (Hattane),0.4739270508289337,0.009274556301534176,7.849825552754825,4
Chaouia - Ouardigha,Khouribga,NA (Khouribga),47.89207077026367,103.0951919555664,144.88113651275634,4
Chaouia - Ouardigha,Khouribga,NA (Ouad Zem),8.942304611206055,13.44491195678711,22.652887777848676,4
Chaouia - Ouardigha,Khouribga,Ouad Zem,3.3666419982910156,4.159088611602783,7.972979487599553,4.2
Chaouia - Ouardigha,Settat,Ben Ahmed,2.8816816806793213,3.6093063354492188,8.690035173767491,4.4
Chaouia - Ouardigha,Settat,Berrechid,11.620614051818848,19.771446228027344,29.16517732017919,4.6
Chaouia - Ouardigha,Settat,El Borouj,0.8078922033309937,1.345534324645996,5.542909267701601,5
Chaouia - Ouardigha,Settat,El Gara,6.47252082824707,12.903240203857422,23.22965147688582,4.6
Chaouia - Ouardigha,Settat,NA (Ben Ahmed),7.344748497009277,10.056825637817383,14.256044640260583,4.2
Chaouia - Ouardigha,Settat,NA (Berrechid),453.9186706542969,629.95001220703125,609.1617835549747,4.6
Chaouia - Ouardigha,Settat,NA (El Borouj),0,0,4.161536699894703,4.4
Chaouia - Ouardigha,Settat,NA (El Gara),0,0.12561672925949097,6.649734766252579,4
Chaouia - Ouardigha,Settat,NA (Loulad),3.135207176208496,8.398063659667969,11.843714157740274,4.2
Chaouia - Ouardigha,Settat,NA (Oulad Abbou),25.7858943939209,29.089086532592773,38.115434392293295,4.2
Chaouia - Ouardigha,Settat,NA (Oulad M'Rah),20.385169982910156,26.64654541015625,35.626712278886274,4.2
Chaouia - Ouardigha,Settat,NA (Settat),143.91427612304688,252.9652557373047,242.0640926361084,4.8
Chaouia - Ouardigha,Settat,Settat,3.642876148223877,5.8992767333984375,12.291249212465788,4.8
Doukkala - Abda,El Jadida,Azemmour,6.284536838531494,9.530526161193848,19.37428046527662,4
Doukkala - Abda,El Jadida,El Jadida,9.913846969604492,22.469629287719727,49.439620105843794,4.8
Doukkala - Abda,El Jadida,NA (Azemmour),100.62584686279297,143.8551788330078,106.59335912240518,3.8
Doukkala - Abda,El Jadida,NA (El Jadida),345.2275390625,447.8423767089844,502.1389440917969,3.8
Doukkala - Abda,El Jadida,NA (Lbir Jdid),163.23675537109375,215.1335906982422,256.44940221877323,3.6
Doukkala - Abda,El Jadida,NA (Sidi Bennour),75.41028594970703,148.44850158691406,138.55930943324648,5
Doukkala - Abda,El Jadida,NA (Zemamra),4.723104953765869,7.775010108947754,17.169663732702084,4.8
Doukkala - Abda,El Jadida,Sidi Bennou,0.9953991174697876,2.287308692932129,7.226609775894566,5.6
Doukkala - Abda,El Jadida,Sidi Smail,1.1391016244888306,2.1053333282470703,7.150832477368806,4.6
Doukkala - Abda,El Jadida,Zemamra,2.7135260105133057,3.945568799972534,15.268032406505787,5
Doukkala - Abda,Safi,Abda,0.4346969723701477,0.9690963625907898,5.514678851554268,5.6
Doukkala - Abda,Safi,Ahmar,3.083361864089966,3.8377411365509033,7.2773011503992855,6.4
Doukkala - Abda,Safi,Gzoula,4.811851978302002,6.988173961639404,11.47135013028195,5.8
Doukkala - Abda,Safi,Hrara,1.2026596069335938,2.2609636783599854,8.919987298940358,5.4
Doukkala - Abda,Safi,NA (Asfi Biyada),211.02703857421875,305.210693359375,274.5916738510132,5.2
Doukkala - Abda,Safi,NA (Asfi Boudheb),458.18927001953125,537.54351806640625,541.8816252677672,5.4
Doukkala - Abda,Safi,NA (Asfi Zaouia),383.1278991699219,515.2789306640625,553.9559335708618,5.4
Doukkala - Abda,Safi,NA (Echemmaia),14.231335639953613,29.038848876953125,29.12603540981517,5.6
Doukkala - Abda,Safi,NA (Jamaat Shaim),8.567865371704102,16.687471389770508,25.211481189727788,5.2
Doukkala - Abda,Safi,NA (Sebt Gzoula),0.5420584678649902,1.4593993425369263,10.402037208144728,5.4
Doukkala - Abda,Safi,NA (Youssoufia),0.6870628595352173,0.7886296510696411,6.604849511757493,5.6
Fès - Boulemane,Boulemane,Boulemane,0.2557491064071655,0.3629506230354309,3.3902148507736825,3.4
Fès - Boulemane,Boulemane,Missour,1.369253158569336,1.6676914691925049,5.088160814465703,NA
Fès - Boulemane,Boulemane,NA (Boulemane),4.8195271492004395,7.120946884155273,11.013058841228485,NA
Fès - Boulemane,Boulemane,NA (Imouzzer Marmoucha),6.152645111083984,13.014370918273926,14.028415456414223,NA
Fès - Boulemane,Boulemane,NA (Missour),0.8131842017173767,1.2478969097137451,5.965895252697396,NA
Fès - Boulemane,Boulemane,NA (Outat El Haj),35.095726013183594,68.29352569580078,55.47838367115367,NA
Fès - Boulemane,Boulemane,Outat El Ha,0.2197994440793991,0.37488502264022827,3.4791396115277267,NA
Fès - Boulemane,Fès,NA (Agdal),454.1932373046875,558.69085693359375,542.2165344238281,NA
Fès - Boulemane,Fès,NA (Fes Medina),318.6921691894531,403.70135498046875,363.5541745462725,NA
Fès - Boulemane,Fès,NA (Machouar Fes El Jadid),688.18145751953125,755.4287109375,642.2560099283854,NA
Fès - Boulemane,Fès,NA (Saiss),492.953857421875,578.244140625,603.1291356580011,NA
Fès - Boulemane,Fès,Oulad Tayeb,34.04507827758789,61.52058792114258,69.43416704851039,NA
Fès - Boulemane,Fès,Sans nom,6.599492073059082,12.482011795043945,19.753899068543404,NA
Fès - Boulemane,Sefrou,El Menzel,0.7697363495826721,1.2933701276779175,5.467011366341565,NA
Fès - Boulemane,Sefrou,Imouzzer Ka,8.695340156555176,12.488136291503906,16.06968429353502,3.4
Fès - Boulemane,Sefrou,NA (Bhalil),84.2371826171875,87.53490447998047,91.38680957158407,NA
Fès - Boulemane,Sefrou,NA (El Menzel),72.881805419921875,70.3598861694336,56.644347017461605,NA
Fès - Boulemane,Sefrou,NA (Imouzzer Kandar),32.183258056640625,51.66191864013672,47.801076114177704,NA
Fès - Boulemane,Sefrou,NA (Ribate El Kheir),8.550492286682129,16.887371063232422,25.38031921667211,NA
Fès - Boulemane,Sefrou,NA (Sefrou),220.96963500976562,254.0402374267578,244.47497379779816,NA
Fès - Boulemane,Sefrou,Sefrou,2.6100447177886963,3.231790065765381,7.6704344088966785,NA
Fès - Boulemane,Zouagha-Moulay Yacoub,Moulay Yaco,14.859378814697266,27.65570640563965,28.054912025864063,NA
Fès - Boulemane,Zouagha-Moulay Yacoub,NA (Moulay Yacoub),29.508169174194336,30.80190086364746,26.84763591520248,NA
Fès - Boulemane,Zouagha-Moulay Yacoub,NA (Zouagha),411.51361083984375,540.4449462890625,484.1435380415483,NA
Fès - Boulemane,Zouagha-Moulay Yacoub,Oulad Jemaa,0.885482907295227,1.5932775735855103,6.310183040193609,NA
Gharb - Chrarda - Béni Hssen,Kénitra,Kenitra Ban,8.883648872375488,12.836411476135254,17.628843139957738,NA
Gharb - Chrarda - Béni Hssen,Kénitra,NA (Kenitra Maamoura),306.0057373046875,291.5066833496094,284.7804802403306,NA
Gharb - Chrarda - Béni Hssen,Kénitra,NA (Kenitra Saknia),143.3348388671875,172.94906616210938,161.77955461950864,NA
Gharb - Chrarda - Béni Hssen,Kénitra,NA (Mehdia),10.544527053833008,10.443764686584473,18.175815154524408,NA
Gharb - Chrarda - Béni Hssen,Kénitra,NA (Sidi Slimane),0.27971360087394714,0.6277123689651489,6.646035158272946,NA
Gharb - Chrarda - Béni Hssen,Kénitra,NA (Sidi Yahya El Gharb),2.4028983116149902,0.5429388880729675,7.634506609290838,NA
Gharb - Chrarda - Béni Hssen,Kénitra,NA (Souk Arbaa),47.56333923339844,56.89841079711914,60.956424140930174,NA
Gharb - Chrarda - Béni Hssen,Kénitra,Sidi Sliman,5.968175411224365,6.3242621421813965,12.23796236192858,NA
Gharb - Chrarda - Béni Hssen,Kénitra,Souk Arbaa,3.8609442710876465,5.343375205993652,10.04962025748359,NA
Gharb - Chrarda - Béni Hssen,Kénitra,Souk Tlat E,2.74314284324646,4.8566484451293945,9.818858401195422,NA
Gharb - Chrarda - Béni Hssen,Sidi Kacem,Had Kourt,1.7911734580993652,2.5454835891723633,7.314777863653083,NA
Gharb - Chrarda - Béni Hssen,Sidi Kacem,Mechra Belk,3.8669538497924805,4.952903747558594,10.61447657765569,NA
Gharb - Chrarda - Béni Hssen,Sidi Kacem,NA (Dar Gueddari),0.30264830589294434,0.16973769664764404,6.698278467995779,NA
Gharb - Chrarda - Béni Hssen,Sidi Kacem,NA (Had Kourt),5.537960529327393,14.486613273620605,20.330371720450266,NA
Gharb - Chrarda - Béni Hssen,Sidi Kacem,NA (Jorf El Melha),7.757582664489746,10.449699401855469,16.836319109972784,NA
Gharb - Chrarda - Béni Hssen,Sidi Kacem,NA (Mechraa Bel Ksiri),0.2028971165418625,0.1421506106853485,5.72626933184537,NA
Gharb - Chrarda - Béni Hssen,Sidi Kacem,NA (Ouezzane),12.42080020904541,14.045079231262207,19.596623143729044,NA
Gharb - Chrarda - Béni Hssen,Sidi Kacem,NA (Sidi Kacem),4.251458644866943,7.60880708694458,13.452818758347455,NA
Gharb - Chrarda - Béni Hssen,Sidi Kacem,Ouezzane,3.1196587085723877,5.651214599609375,10.15108981885408,NA
Gharb - Chrarda - Béni Hssen,Sidi Kacem,Sidi Kacem,6.845707893371582,8.020927429199219,12.058541854222616,NA
Grand Casablanca,Casablanca,Bouskoura,83.98389434814453,153.02674865722656,178.8245620727539,4.4
Grand Casablanca,Casablanca,Mediouna,64.57743835449219,116.75921630859375,147.3300786859849,4.6
Grand Casablanca,Casablanca,NA (Ahl Laghlam),196.2113037109375,335.2777404785156,397.2362233037534,4.6
Grand Casablanca,Casablanca,NA (Ain Chock),446.5611267089844,594.9364013671875,584.5433932217685,4.4
Grand Casablanca,Casablanca,NA (Ain Harrouda),182.56558227539062,247.76614379882812,293.86545493386006,4.4
Grand Casablanca,Casablanca,NA (Ain Sebaa),595.059814453125,684.93646240234375,749.9942862770774,4.4
Grand Casablanca,Casablanca,NA (Al Fida),806.6707763671875,1006.1937255859375,922.0489723899148,4.2
Grand Casablanca,Casablanca,NA (Al Idrissia),800.83209228515625,975.271728515625,947.41558837890625,4.2
Grand Casablanca,Casablanca,NA (Anfa),585.92041015625,546.81866455078125,548.7585794200068,4.4
Grand Casablanca,Casablanca,NA (Assoukhour Assawda),781.2374267578125,920.7674560546875,929.7950911088424,4.4
Grand Casablanca,Casablanca,NA (Ben Msick),795.53326416015625,1026.4320068359375,946.4805011749268,4.4
Grand Casablanca,Casablanca,NA (Bou Chentouf),806.99371337890625,998.5518798828125,947.5748818137429,4.4
Grand Casablanca,Casablanca,NA (El Maarif),647.33056640625,712.74591064453125,697.3491723632812,4.4
Grand Casablanca,Casablanca,NA (Hay Hassani),607.666015625,624.031982421875,625.4919030761719,4.4
Grand Casablanca,Casablanca,NA (Hay Mohammadi),747.59307861328125,858.251708984375,843.974687056108,4.2
Grand Casablanca,Casablanca,NA (Lissasfa),463.8641662597656,512.7484130859375,548.3835876464843,4.2
Grand Casablanca,Casablanca,NA (Machouar Casablanca),915.40850830078125,1017.4766845703125,968.1595597700639,4.4
Grand Casablanca,Casablanca,NA (Mediouna),97.69921112060547,227.33441162109375,254.28930085280845,3.6
Grand Casablanca,Casablanca,NA (Mers Sultan),801.14715576171875,889.85845947265625,894.2955433238636,4.4
Grand Casablanca,Casablanca,NA (Moulay Rachid),745.93621826171875,989.97894287109375,854.3978042602539,4.4
Grand Casablanca,Casablanca,NA (Moulay Youssef),897.77386474609375,843.8048095703125,854.5769449869791,4.4
Grand Casablanca,Casablanca,NA (Nouaceur),171.4986114501953,227.69839477539062,256.28298580285275,4.4
Grand Casablanca,Casablanca,NA (Salmia),108.91520690917969,145.95606994628906,214.66358423233032,4.2
Grand Casablanca,Casablanca,NA (Sbata),347.51312255859375,459.6334533691406,505.8161106109619,4.2
Grand Casablanca,Casablanca,NA (Sidi Belyout),1059.257568359375,1015.4725952148438,1039.6258341471355,4.4
Grand Casablanca,Casablanca,NA (Sidi Bernoussi),597.3865966796875,732.6810302734375,790.7321856954824,4.4
Grand Casablanca,Casablanca,NA (Sidi Maarouf),215.87969970703125,326.4303283691406,330.41475577976394,4.2
Grand Casablanca,Casablanca,NA (Sidi Moumen),645.964599609375,765.05999755859375,743.0587504993786,4.6
Grand Casablanca,Casablanca,NA (Sidi Othmane),605.20587158203125,870.17138671875,756.4786405563354,4.2
Grand Casablanca,Casablanca,NA (Tit Mellil),238.52882385253906,384.7216491699219,317.90631914138794,4.8
Grand Casablanca,Casablanca,Tit Mellil,33.539241790771484,83.09362030029297,121.41100978851318,4.8
Grand Casablanca,Mohammedia,NA (Mohammedia),388.67205810546875,452.78216552734375,466.80472932038487,4.2
Guelmim - Es-Semara,Assa-Zag,Assa,0.28808584809303284,0.6243593692779541,3.7079905569553375,4
Guelmim - Es-Semara,Assa-Zag,NA (Assa),0,0,3.54931910187006,3.8
Guelmim - Es-Semara,Assa-Zag,NA (Zag),0.05008086934685707,0.09298336505889893,3.2725006255664324,4
Guelmim - Es-Semara,Assa-Zag,Zag,0,1.500377693446353e-4,3.2641762553861264,3.8
Guelmim - Es-Semara,Guelmim,Bouizakarne,0.5321145057678223,0.7363016605377197,4.298797714082818,4
Guelmim - Es-Semara,Guelmim,Guelmim,1.0267107486724854,1.3461335897445679,5.491121298388431,3.8
Guelmim - Es-Semara,Guelmim,NA (Bouizakarne),0.20257171988487244,4.427873611450195,9.864738674724803,3.8
Guelmim - Es-Semara,Guelmim,NA (Guelmim),3.0120291709899902,4.302898406982422,14.46956181526184,3.6
Guelmim - Es-Semara,Tan-Tan,Msied,0.03527577966451645,0.05150708183646202,3.576081881397649,3.8
Guelmim - Es-Semara,Tan-Tan,NA (El Ouatia),15.849053382873535,25.30009651184082,22.374459581340062,3.4
Guelmim - Es-Semara,Tan-Tan,NA (Tan-Tan),0,0,4.370444483616772,3.4
Guelmim - Es-Semara,Tan-Tan,Tan-Tan,0.6262350678443909,0.791324257850647,4.42678439617157,3.4
Guelmim - Es-Semara,Tata,Akka,0.04437820240855217,0.06946074217557907,3.142922015566575,4.6
Guelmim - Es-Semara,Tata,Foum Zguid,0.02565808780491352,0.047825783491134644,3.134590787662042,4.8
Guelmim - Es-Semara,Tata,NA (Akka),2.757882833480835,6.86974573135376,7.223474423090616,4.2
Guelmim - Es-Semara,Tata,NA (Fam El Hisn),0.4988875687122345,0.8044795989990234,4.1742551531642675,4.2
Guelmim - Es-Semara,Tata,NA (Foum Zguid),0.0016572258900851011,0.07027395814657211,3.195067330681044,4.2
Guelmim - Es-Semara,Tata,NA (Tata),11.300045013427734,15.573601722717285,13.898911266615897,4.6
Guelmim - Es-Semara,Tata,Tata,0.009690757840871811,0.028615882620215416,3.0712576632044817,5
Laâyoune - Boujdour - Sakia El H,Laâyoune,Tarfaya,0.21945159137248993,0.2880544662475586,7.639542418557246,NA
Marrakech - Tensift - Al Haouz,Al Haouz,Ait Ourir,0.8681079745292664,1.4116090536117554,5.650860445366965,7.2
Marrakech - Tensift - Al Haouz,Al Haouz,Amizmiz,1.108109712600708,1.12705659866333,4.800891641308279,8.4
Marrakech - Tensift - Al Haouz,Al Haouz,Asni,0.16811175644397736,0.17838913202285767,3.3224249846405454,8.6
Marrakech - Tensift - Al Haouz,Al Haouz,NA (Ait Ourir),49.75016403198242,68.76514434814453,54.56520026524861,6.2
Marrakech - Tensift - Al Haouz,Al Haouz,Tahannaout,3.1728532314300537,3.1469717025756836,6.971169191248277,7.6
Marrakech - Tensift - Al Haouz,Chichaoua,Chichaoua,1.3383073806762695,1.8919260501861572,5.792508937810597,8
Marrakech - Tensift - Al Haouz,Chichaoua,Imintanoute,0.4807283580303192,0.5452591776847839,4.2756127589627315,7.6
Marrakech - Tensift - Al Haouz,Chichaoua,Majjat,0.36803126335144043,0.48088863492012024,4.268287726574474,8.4
Marrakech - Tensift - Al Haouz,Chichaoua,Mtouga,0.48707297444343567,0.5169928073883057,4.29079839744066,7
Marrakech - Tensift - Al Haouz,Chichaoua,NA (Chichaoua),16.419551849365234,27.226512908935547,29.94100468086474,6.4
Marrakech - Tensift - Al Haouz,Chichaoua,NA (Imintanoute),37.7715950012207,37.957515716552734,39.693812131881714,7
Marrakech - Tensift - Al Haouz,El Kelaâ des Sraghna,El Kelaa Sr,2.4733643531799316,3.2750296592712402,6.885297549398322,6.4
Marrakech - Tensift - Al Haouz,El Kelaâ des Sraghna,Laattaouia,3.1160595417022705,3.6727147102355957,7.318027595678965,6.6
Marrakech - Tensift - Al Haouz,El Kelaâ des Sraghna,NA (Ben Guerir),1.065382957458496,2.3313076496124268,9.113468420120977,5
Marrakech - Tensift - Al Haouz,El Kelaâ des Sraghna,NA (Kelaat Sraghna),383.0251159667969,318.0020751953125,318.59381675720215,6.4
Marrakech - Tensift - Al Haouz,El Kelaâ des Sraghna,NA (Laataouia),2.628178119659424,2.5423498153686523,7.659772511571646,6
Marrakech - Tensift - Al Haouz,El Kelaâ des Sraghna,NA (Sidi Rahhal),5.761785507202148,7.138786315917969,10.242234645351287,6
Marrakech - Tensift - Al Haouz,El Kelaâ des Sraghna,NA (Tamallalt),1.958833932876587,3.0592901706695557,6.267533516511321,6
Marrakech - Tensift - Al Haouz,El Kelaâ des Sraghna,Rehamna,3.0279741287231445,4.572180271148682,9.129388602156387,6
Marrakech - Tensift - Al Haouz,El Kelaâ des Sraghna,Sidi Bou Ot,1.4917792081832886,2.4011411666870117,6.639392084545559,6.6
Marrakech - Tensift - Al Haouz,Essaouira,Essaouira,0.6749202013015747,0.6951927542686462,4.399231201724002,6
Marrakech - Tensift - Al Haouz,Essaouira,NA (Ait Daoud),5.591460227966309,6.0515971183776855,9.989985458991107,5.2
Marrakech - Tensift - Al Haouz,Essaouira,NA (El Hanchane),0.49816805124282837,0.11181288212537766,4.290064048022032,4.8
Marrakech - Tensift - Al Haouz,Essaouira,NA (Essaouira),93.6104736328125,79.61015319824219,43.179502899582324,5.4
Marrakech - Tensift - Al Haouz,Essaouira,NA (Talmest),0.81626129150390625,0.561802864074707,4.611007713609272,4.6
Marrakech - Tensift - Al Haouz,Essaouira,NA (Tamanar),19.16080665588379,13.855302810668945,24.841076446302008,4.8
Marrakech - Tensift - Al Haouz,Essaouira,Tamanar,0.52723228931427,0.7110157012939453,4.212039480083867,5.6
Marrakech - Tensift - Al Haouz,Marrakech,Bour,7.322807788848877,10.715093612670898,14.425612122671945,6.8
Marrakech - Tensift - Al Haouz,Marrakech,Loudaya,15.076104164123535,16.556339263916016,22.90411284310477,7.2
Marrakech - Tensift - Al Haouz,Marrakech,NA (Annakhil),107.40991973876953,93.9010009765625,101.60795759385631,6.8
Marrakech - Tensift - Al Haouz,Marrakech,NA (Machouar Kasba),190.32493591308594,226.16445922851562,233.27070852426382,6.4
Marrakech - Tensift - Al Haouz,Marrakech,NA (Marrakech Medina),470.2358093261719,376.1849060058594,397.3760962853065,6.6
Marrakech - Tensift - Al Haouz,Marrakech,NA (Menara Gueliz),422.425048828125,350.28546142578125,334.99683053152904,6.6
Marrakech - Tensift - Al Haouz,Marrakech,NA (Sidi Youssef Ben Ali),97.54566955566406,140.5907745361328,145.77905301694517,6.6
Meknès - Tafilalet,El Hajeb,Agourai,1.0061289072036743,1.9440938234329224,6.0838588978114885,3.8
Meknès - Tafilalet,El Hajeb,Ain Taoujda,7.523634910583496,9.04847526550293,15.276655042493665,3.6
Meknès - Tafilalet,El Hajeb,El Hajeb,4.171461582183838,7.029959201812744,13.392792626431113,3.8
Meknès - Tafilalet,El Hajeb,NA (Agourai),36.7348518371582,51.347965240478516,45.739797704360065,3.6
Meknès - Tafilalet,El Hajeb,NA (Ain Taoujdate),42.66679000854492,27.630199432373047,30.756241910597858,NA
Meknès - Tafilalet,El Hajeb,NA (El Hajeb),1.7814109325408936,2.967324733734131,11.630465805530548,NA
Meknès - Tafilalet,El Hajeb,NA (Sbaa Aiyoun),20.96514129638672,18.549537658691406,25.579156766619,NA
Meknès - Tafilalet,Errachidia,Arfoud,0.500025749206543,0.5204561352729797,4.05042586828533,4
Meknès - Tafilalet,Errachidia,Assoul,0.013215436600148678,0.05426907166838646,3.216302704569456,3.8
Meknès - Tafilalet,Errachidia,Errachidia,1.2110899686813354,1.666828989982605,4.790200710296631,NA
Meknès - Tafilalet,Errachidia,Errich,0.35520437359809875,0.4890143573284149,3.532766696569082,NA
Meknès - Tafilalet,Errachidia,Errissani,0.020763929933309555,0.045723799616098404,3.4473217396359694,4
Meknès - Tafilalet,Errachidia,Goulmima,0.6068999171257019,0.697174072265625,3.9251696225759147,4
Meknès - Tafilalet,Errachidia,Imilchil,0.012196451425552368,0.18220169842243195,3.2078391619630766,3.8
Meknès - Tafilalet,Errachidia,NA (Arfoud),0.8978461027145386,2.064483880996704,6.351715634850895,NA
Meknès - Tafilalet,Errachidia,NA (Boudnib),0.6992818713188171,1.2018769979476929,4.779052429729038,NA
Meknès - Tafilalet,Errachidia,NA (Errachidia),6.648003578186035,13.737918853759766,18.01339315599011,NA
Meknès - Tafilalet,Errachidia,NA (Errich),0.3528813123703003,0.5992215275764465,4.252475622200197,NA
Meknès - Tafilalet,Errachidia,NA (Goulmima),3.5178463459014893,2.7998316287994385,5.9047475948053245,3.8
Meknès - Tafilalet,Errachidia,NA (Jorf),0.5910081267356873,0.6020404100418091,4.685050339409799,NA
Meknès - Tafilalet,Errachidia,NA (Moulay Ali Cherif),32.68375015258789,39.61381149291992,31.082909626119278,NA
Meknès - Tafilalet,Errachidia,NA (Tinejdad),0.7681015729904175,0.8723381161689758,3.8715850925073028,3.8
Meknès - Tafilalet,Ifrane,Azrou,1.4918073415756226,1.8728240728378296,5.706834986403182,3.8
Meknès - Tafilalet,Ifrane,NA (Azrou),3.6858623027801514,6.459646224975586,10.45170740400042,3.4
Meknès - Tafilalet,Ifrane,NA (Ifrane),109.21292114257812,231.16175842285156,201.12963182785933,3.2
Meknès - Tafilalet,Khénifra,El Kbab,0.9406413435935974,1.2946733236312866,4.6639746878598185,3.8
Meknès - Tafilalet,Khénifra,Khenifra,1.1667898893356323,1.6199278831481934,4.943073642881293,3.8
Meknès - Tafilalet,Khénifra,Midelt,0.8236573934555054,1.2825238704681396,4.361406400397017,3.8
Meknès - Tafilalet,Khénifra,NA (Khenifra),159.67047119140625,217.15782165527344,218.48803186416626,3.2
Meknès - Tafilalet,Khénifra,NA (M'Rirt),1.5419108867645264,4.679947853088379,9.62665570865978,3.6
Meknès - Tafilalet,Khénifra,NA (Midelt),134.3172607421875,170.5219268798828,142.5055598894755,NA
Meknès - Tafilalet,Meknès,Ain Orma,2.9019503593444824,3.548360586166382,9.099825143814087,NA
Meknès - Tafilalet,Meknès,Meknes Banl,36.51948165893555,45.76323318481445,50.82716181471541,NA
Meknès - Tafilalet,Meknès,NA (Al Ismailia),181.6890869140625,178.3673858642578,173.05092748006186,NA
Meknès - Tafilalet,Meknès,NA (Al Machouar Stina),82.1401138305664,81.37913513183594,96.20692920684814,NA
Meknès - Tafilalet,Meknès,NA (Boufakrane),5.690589427947998,12.937864303588867,22.95082166459825,NA
Meknès - Tafilalet,Meknès,NA (Hamrya),177.48361206054688,171.91517639160156,181.64351351120894,NA
Meknès - Tafilalet,Meknès,NA (Maknassat Azzaytoun),476.2496643066406,424.39923095703125,428.0732440370502,NA
Meknès - Tafilalet,Meknès,NA (Moulay Idriss Zerhoun),66.14857482910156,61.66115188598633,64.10369383205067,NA
Meknès - Tafilalet,Meknès,NA (Ouislane),88.7606201171875,106.88063049316406,112.51833945512772,NA
Meknès - Tafilalet,Meknès,NA (Toulal),21.044755935668945,21.8701114654541,30.83211887904576,NA
Meknès - Tafilalet,Meknès,Zerhoun,1.3325879573822021,1.6120611429214478,6.393713900021145,NA
Oriental,Berkane Taourirt,Ahfir,12.547451972961426,15.916138648986816,18.221350038752835,NA
Oriental,Berkane Taourirt,Aklim,8.691363334655762,10.10683822631836,12.928912489754813,NA
Oriental,Berkane Taourirt,El Aioun,1.493844985961914,1.994957685470581,5.479446613126331,NA
Oriental,Berkane Taourirt,NA (Ahfir),86.614593505859375,88.080902099609375,98.92185719807942,NA
Oriental,Berkane Taourirt,NA (Ain Erreggada),68.55345916748047,86.55323028564453,85.22092315128872,NA
Oriental,Berkane Taourirt,NA (Aklim),6.256207466125488,4.880753993988037,9.084933150898326,NA
Oriental,Berkane Taourirt,NA (Berkane),136.1875457763672,277.1487731933594,355.641980927566,NA
Oriental,Berkane Taourirt,NA (El Aioun Sidi Mellouk),8.370600700378418,14.676383018493652,20.182310231526692,NA
Oriental,Berkane Taourirt,NA (Saidia),466.3932800292969,395.5755920410156,324.2695810317993,NA
Oriental,Berkane Taourirt,NA (Sidi Slimane Echcherraa),4.145182132720947,4.314091205596924,8.650554057090513,NA
Oriental,Berkane Taourirt,NA (Taourirt),559.6514892578125,552.9412841796875,534.4606342930948,NA
Oriental,Berkane Taourirt,Taourirt,2.6602914333343506,2.893965005874634,6.478898485501608,NA
Oriental,Figuig,Bni Tadjite,0.12685589492321014,0.1488526612520218,3.3475792983899244,NA
Oriental,Figuig,Figuig,0.04406163841485977,0.05779341608285904,3.2868887193893133,NA
Oriental,Figuig,NA (Bouarfa),21.88508415222168,27.30504608154297,27.48553678393364,NA
Oriental,Figuig,NA (Figuig),7.219738960266113,7.717146396636963,10.696953212061235,NA
Oriental,Jerada,Ain Bni Mat,0.4332699179649353,0.4185923635959625,3.3421138640907078,NA
Oriental,Jerada,Debdou,0.052536312490701675,0.12405919283628464,3.377260273171438,NA
Oriental,Jerada,Jerada Banl,1.4197615385055542,1.8880538940429688,5.3746957745816974,NA
Oriental,Jerada,NA (Ain Bni Mathar),0,0,3.5486716066524515,NA
Oriental,Jerada,NA (Debdou),31.856508255004883,29.789196014404297,36.19285591910867,NA
Oriental,Jerada,NA (Jrada),186.5525360107422,202.06532287597656,216.7238026280557,NA
Oriental,Jerada,NA (Touissit),0,0.26291587948799133,4.854793909002963,NA
Oriental,Nador,Driouch,9.267181396484375,10.051414489746094,12.072275651467812,NA
Oriental,Nador,Guelaia,34.41096115112305,40.77846908569336,38.948263035880196,NA
Oriental,Nador,Louta,2.5662500858306885,3.0386099815368652,6.809911731216642,NA
Oriental,Nador,NA (Al Aaroui),43.3288459777832,81.31768035888672,92.71592835224035,NA
Oriental,Nador,NA (Bni Ansar),170.0271759033203,161.1487274169922,138.13349325006658,NA
Oriental,Nador,NA (Nador),216.4267578125,287.0345458984375,263.7531730897965,NA
Oriental,Nador,NA (Zaio),38.0328369140625,55.8051643371582,53.619291334441215,NA
Oriental,Nador,NA (Zeghanghane),198.30441284179688,181.61785888671875,189.6002177576865,NA
Oriental,Nador,Rif,7.922887325286865,9.26626205444336,14.380033806392124,NA
Oriental,Oujda Angad,NA (Bni Drar),3.7865047454833984,6.950422286987305,8.535216751598544,NA
Oriental,Oujda Angad,NA (Neima),0.05719362944364548,0.17590761184692383,4.479502726947108,NA
Oriental,Oujda Angad,NA (Ouad Ennachef Sidi Maafa),394.4758605957031,373.6959228515625,350.11966145038605,NA
Oriental,Oujda Angad,NA (Oujda Sidi Ziane),243.5584716796875,296.50152587890625,309.23669319152833,NA
Oriental,Oujda Angad,NA (Sidi Driss El Qadi),319.9611511230469,287.5901184082031,300.6260462443034,NA
Oriental,Oujda Angad,NA (Sidi Yahya),9.412233352661133,16.55994987487793,26.8649871431548,NA
Oriental,Oujda Angad,Oujda Banli,8.810513496398926,9.846353530883789,13.206699721953449,NA
Rabat - Salé - Zemmour - Zaer,Khémisset,Khemisset,3.73325777053833,4.685359477996826,8.711827803302455,3.8
Rabat - Salé - Zemmour - Zaer,Khémisset,NA (Khemisset),20.147716522216797,32.42123794555664,50.17609327489679,NA
Rabat - Salé - Zemmour - Zaer,Khémisset,NA (Rommani),0,0.43092864751815796,5.546714314005592,4
Rabat - Salé - Zemmour - Zaer,Khémisset,NA (Tiflet),73.27685546875,177.13478088378906,178.1424515587943,NA
Rabat - Salé - Zemmour - Zaer,Khémisset,Oulmes,0.692969024181366,1.375933289527893,4.572524359351711,4
Rabat - Salé - Zemmour - Zaer,Khémisset,Rommani,0.540340781211853,0.8542496562004089,5.000710835582332,4.2
Rabat - Salé - Zemmour - Zaer,Khémisset,Tiflet,3.2024295330047607,9.1724271774292,18.86004679846136,NA
Rabat - Salé - Zemmour - Zaer,Rabat,NA (Agdal Riyad),630.266357421875,1366.4825439453125,1285.3885940025593,NA
Rabat - Salé - Zemmour - Zaer,Rabat,NA (El Youssoufia),181.94505310058594,310.50421142578125,338.63541695731027,NA
Rabat - Salé - Zemmour - Zaer,Rabat,NA (Rabat Hassan),563.73858642578125,1345.5076904296875,1267.1378279061153,NA
Rabat - Salé - Zemmour - Zaer,Rabat,NA (Touarga),283.02667236328125,590.7142333984375,688.2864538122107,NA
Rabat - Salé - Zemmour - Zaer,Rabat,NA (Yacoub El Mansour),572.38641357421875,1145.0848388671875,1108.7092710552793,NA
Rabat - Salé - Zemmour - Zaer,Salé,NA (Hssaine),139.8278350830078,215.2513885498047,239.7766571044922,NA
Rabat - Salé - Zemmour - Zaer,Salé,NA (Sale Bab Lamrissa),500.7335510253906,558.4503173828125,584.3550962250808,NA
Rabat - Salé - Zemmour - Zaer,Salé,NA (Sale Bettana),321.0123291015625,454.90582275390625,502.5972005909887,NA
Rabat - Salé - Zemmour - Zaer,Salé,NA (Sale Laayayda),88.08903503417969,152.95045471191406,171.98333006194144,NA
Rabat - Salé - Zemmour - Zaer,Salé,NA (Sale Tabriquet),637.79608154296875,616.831298828125,623.75403376988,NA
Rabat - Salé - Zemmour - Zaer,Salé,Sale Banlie,5.3866496086120605,10.975557327270508,22.425464282164704,NA
Rabat - Salé - Zemmour - Zaer,Skhirate-Témara,Ain El Aoud,10.073746681213379,20.158981323242188,30.088973572379665,4.2
Rabat - Salé - Zemmour - Zaer,Skhirate-Témara,NA (Ain El Aouda),111.09916687011719,257.9497985839844,280.15867106119794,NA
Rabat - Salé - Zemmour - Zaer,Skhirate-Témara,NA (Harhoura),235.45176696777344,435.46112060546875,468.99200773239136,NA
Rabat - Salé - Zemmour - Zaer,Skhirate-Témara,NA (Skhirate),92.84752655029297,140.36871337890625,141.7742733001709,NA
Rabat - Salé - Zemmour - Zaer,Skhirate-Témara,NA (Temara),411.02716064453125,498.282958984375,598.780478737571,NA
Rabat - Salé - Zemmour - Zaer,Skhirate-Témara,Temara,78.54296875,135.0379180908203,149.80800216262406,NA
Souss - Massa - Draâ,Agadir-Ida ou Tanane,Agadir Banl,4.568491458892822,7.850614547729492,11.3691278507835,5.8
Souss - Massa - Draâ,Agadir-Ida ou Tanane,NA (Agadir),517.4879150390625,529.64312744140625,558.4610669535975,5.4
Souss - Massa - Draâ,Agadir-Ida ou Tanane,NA (Anza),224.4571533203125,234.53192138671875,251.38185574931484,4.8
Souss - Massa - Draâ,Agadir-Ida ou Tanane,NA (Bensergao),286.1661071777344,301.0791320800781,311.7760643005371,5.8
Souss - Massa - Draâ,Agadir-Ida ou Tanane,NA (Tikouine),204.7488555908203,306.7707214355469,290.872047687399,5.4
Souss - Massa - Draâ,Chtouka-Aït Baha,Ait Baha,0.24752923846244812,0.3624247610569,3.9544713356428676,5
Souss - Massa - Draâ,Chtouka-Aït Baha,Belfaa Mass,2.5476365089416504,4.770663738250732,10.092673095496925,5.4
Souss - Massa - Draâ,Chtouka-Aït Baha,Biougra,8.163764953613281,11.81518268585205,15.340016661463556,6
Souss - Massa - Draâ,Chtouka-Aït Baha,NA (Ait Baha),16.134328842163086,25.41546058654785,25.054148882627487,4.6
Souss - Massa - Draâ,Chtouka-Aït Baha,NA (Biougra),81.18721771240234,113.95954132080078,91.59049380909313,5.4
Souss - Massa - Draâ,Inezgane-Aït Melloul,Ait Melloul,26.593093872070312,35.47220230102539,38.96881654527452,5.8
Souss - Massa - Draâ,Inezgane-Aït Melloul,NA (Ait Melloul),195.40689086914062,218.59161376953125,191.37856809554563,5.6
Souss - Massa - Draâ,Inezgane-Aït Melloul,NA (Dcheira El Jihadia),468.94183349609375,617.1597900390625,601.6066223144531,5.8
Souss - Massa - Draâ,Inezgane-Aït Melloul,NA (Inezgane),324.3556213378906,403.4271240234375,395.70277252197263,5.8
Souss - Massa - Draâ,Ouarzazate,Amerzgane,0.16275785863399506,0.27800697088241577,3.2545102464186177,6.4
Souss - Massa - Draâ,Ouarzazate,Boumalne Da,0.7392635345458984,1.0497007369995117,4.341779511225851,4.6
Souss - Massa - Draâ,Ouarzazate,NA (Boumalne Dades),0.42624467611312866,0.1243213638663292,4.946819520765735,4.4
Souss - Massa - Draâ,Ouarzazate,NA (Kalaat M'Gouna),5.877230644226074,2.369147777557373,5.11887587270429,4.4
Souss - Massa - Draâ,Ouarzazate,NA (Ouarzazate),7.389805793762207,9.444931983947754,15.99125087633729,6
Souss - Massa - Draâ,Ouarzazate,NA (Taznakht),0.8617991805076599,2.2696828842163086,5.782515863577525,4.8
Souss - Massa - Draâ,Ouarzazate,NA (Tinghir),0,0.004234363790601492,4.769751443926777,4
Souss - Massa - Draâ,Ouarzazate,Ouarzazate,1.276250958442688,1.3293970823287964,4.275546969594182,6.2
Souss - Massa - Draâ,Ouarzazate,Zagora,0.05984245613217354,0.0762953907251358,3.157244712114334,5
Souss - Massa - Draâ,Taroudannt,Igherm,0.009634644724428654,0.01728910021483898,3.280633388741596,5.4
Souss - Massa - Draâ,Taroudannt,NA (Ait Iaaza),36.371673583984375,38.456748962402344,45.991184985998906,6.6
Souss - Massa - Draâ,Taroudannt,NA (El Guerdane),28.306692123413086,47.07027053833008,46.17696848511696,5.4
Souss - Massa - Draâ,Taroudannt,NA (Igherm),3.7778966426849365,5.342947006225586,9.631614208221436,5
Souss - Massa - Draâ,Taroudannt,NA (Oulad Berhil),20.809600830078125,22.482025146484375,30.927731458346052,6.6
Souss - Massa - Draâ,Taroudannt,NA (Oulad Teima),122.48971557617188,138.01141357421875,198.1921704899181,5.6
Souss - Massa - Draâ,Taroudannt,NA (Taliouine),6.327221393585205,5.55790376663208,8.647556595504284,5.2
Souss - Massa - Draâ,Taroudannt,NA (Taroudannt),113.8768539428711,106.14060974121094,102.75367119908333,6
Souss - Massa - Draâ,Taroudannt,Oulad Berhi,0.33458468317985535,0.3537289798259735,3.9388266511865564,7.8
Souss - Massa - Draâ,Taroudannt,Oulad Teima,1.6968985795974731,2.4804561138153076,6.73817305951505,6.6
Souss - Massa - Draâ,Taroudannt,Taliouine,0.00896152388304472,0.04589306563138962,3.206439964865383,7.4
Souss - Massa - Draâ,Taroudannt,Taroudannt,1.127949833869934,1.3763726949691772,5.523766610357496,6.6
Souss - Massa - Draâ,Tiznit,Anezi,0.15629540383815765,0.2229480743408203,5.035707683939682,4.4
Souss - Massa - Draâ,Tiznit,Ifni,0.4214302897453308,0.5744109749794006,5.271183989549938,3.8
Souss - Massa - Draâ,Tiznit,Lakhsas,0.08671768754720688,0.1319625973701477,3.797510958031604,4.2
Souss - Massa - Draâ,Tiznit,NA (Lakhsas),13.16556167602539,13.699812889099121,19.69088028416489,3.8
Souss - Massa - Draâ,Tiznit,NA (Sidi Ifni),35.74384689331055,39.4948844909668,40.26083012188182,3.8
Souss - Massa - Draâ,Tiznit,NA (Tafraout),33.89564514160156,26.762683868408203,27.336480299631756,4
Souss - Massa - Draâ,Tiznit,NA (Tiznit),59.66020965576172,87.2006607055664,85.79339629581996,4.4
Souss - Massa - Draâ,Tiznit,Tafraout,0.09300877153873444,0.163495734333992,3.5257095255785518,4.2
Souss - Massa - Draâ,Tiznit,Tiznit,0.3836471736431122,0.5700793862342834,5.0968680130807975,5
Souss - Massa - Draâ,Zagora,NA (Agdz),1.3743021488189697,1.253712773323059,4.186874949932099,4.4
Souss - Massa - Draâ,Zagora,NA (Zagora),26.369117736816406,28.450124740600586,28.729797811219186,4.8
Souss - Massa - Draâ,Zagora,Zagora,0.2618211805820465,0.07837600260972977,3.2880457598302097,4.2
Tadla - Azilal,Azilal,Azilal,0.167583167552948,0.25060680508613586,3.565091153813733,4.6
Tadla - Azilal,Azilal,Bzou,1.8032854795455933,2.415773868560791,6.378625316752328,5.4
Tadla - Azilal,Azilal,Demnate,0.8791094422340393,1.248336672782898,4.774004754092958,6.4
Tadla - Azilal,Azilal,NA (Azilal),130.4376983642578,166.5810546875,145.42807733601538,4.6
Tadla - Azilal,Azilal,NA (Demnate),0.15301157534122467,2.005520820617676,7.0313050006998,4.8
Tadla - Azilal,Azilal,Ouaouizaght,1.2203470468521118,1.4720417261123657,5.02356628791706,4.4
Tadla - Azilal,Béni Mellal,Beni Mellal,27.565902709960938,42.732177734375,40.4984267779759,4.6
Tadla - Azilal,Béni Mellal,Bni Moussa,8.669687271118164,8.099609375,12.271214833130708,5
Tadla - Azilal,Béni Mellal,El Ksiba,0.8078921437263489,1.4823015928268433,5.050658258231911,4.4
Tadla - Azilal,Béni Mellal,Fquih Ben S,9.161832809448242,14.178610801696777,16.931275870348955,4.6
Tadla - Azilal,Béni Mellal,Kasba Tadla,4.476537227630615,6.78277587890625,10.613539051365208,4.4
Tadla - Azilal,Béni Mellal,NA (Beni Mellal),497.57183837890625,510.61236572265625,438.562150626347,4.6
Tadla - Azilal,Béni Mellal,NA (El Ksiba),6.980855941772461,18.226110458374023,16.758635009036343,4.2
Tadla - Azilal,Béni Mellal,NA (Fquih Ben Salah),15.38229751586914,30.568849563598633,35.17997431755066,4.2
Tadla - Azilal,Béni Mellal,NA (Kasba Tadla),248.4102325439453,378.5979309082031,327.02479706491744,4.2
Tadla - Azilal,Béni Mellal,NA (Oulad Ayad),12.539043426513672,7.56275749206543,12.754773139953613,4.4
Tadla - Azilal,Béni Mellal,NA (Souk Sebt Oulad Nemma),19.091367721557617,17.745494842529297,32.85206906548862,4
Tadla - Azilal,Béni Mellal,NA (Zaouiat Cheikh),26.934616088867188,27.93811798095703,23.499683481805466,4
Tanger - Tétouan,Chefchaouen,Bab Berred,0.49774524569511414,1.6758708953857422,5.7363860164369855,NA
Tanger - Tétouan,Chefchaouen,Bab Taza,1.3304675817489624,2.577960729598999,6.61181667044356,NA
Tanger - Tétouan,Chefchaouen,Bou Ahmed,0.4835338592529297,2.162480354309082,6.168845540947384,NA
Tanger - Tétouan,Chefchaouen,Moqrissat,0.32496488094329834,0.39480817317962646,4.59159368747159,NA
Tanger - Tétouan,Chefchaouen,NA (Chefchaouene),195.9700927734375,156.71788024902344,170.2290666175611,NA
Tanger - Tétouan,Fahs Anjra,Fahs,21.837684631347656,55.9821662902832,67.16830434025945,NA
Tanger - Tétouan,Fahs Anjra,NA (Bni Makada),660.94500732421875,941.84161376953125,874.2580860279224,NA
Tanger - Tétouan,Larache,Ksar El Keb,4.6526336669921875,5.773101329803467,9.804175414537129,NA
Tanger - Tétouan,Larache,Larache,1.2611663341522217,2.2149171829223633,6.6868670676883895,NA
Tanger - Tétouan,Larache,NA (Ksar El Kebir),94.17048645019531,197.79232788085938,166.2915952205658,NA
Tanger - Tétouan,Larache,NA (Larache),237.56785583496094,276.4323425292969,256.66994076806145,NA
Tanger - Tétouan,Tanger-Assilah,Assilah,2.024543523788452,3.23323392868042,9.376653420297723,NA
Tanger - Tétouan,Tanger-Assilah,Boukhalef,66.99676513671875,140.8889923095703,116.25658409901568,NA
Tanger - Tétouan,Tanger-Assilah,NA (Assilah),114.00659942626953,123.14828491210938,114.65259663263956,NA
Tanger - Tétouan,Tanger-Assilah,NA (Charf),635.973876953125,1070.7880859375,864.4621430502998,NA
Tanger - Tétouan,Tanger-Assilah,NA (Tanger),258.27081298828125,437.570068359375,380.178852054051,NA
Tanger - Tétouan,Tétouan,Jebala,12.382822036743164,19.849294662475586,26.22022917396144,NA
Tanger - Tétouan,Tétouan,NA (Fnidq),299.0445251464844,261.0024719238281,181.993857482384,NA
Tanger - Tétouan,Tétouan,NA (M'Diq),170.36061096191406,147.84071350097656,141.07621023390027,NA
Tanger - Tétouan,Tétouan,NA (Martil),408.3902587890625,386.9693908691406,350.29885330200193,NA
Tanger - Tétouan,Tétouan,NA (Ouad Laou),95.35450744628906,84.55686950683594,58.076350064838635,NA
Tanger - Tétouan,Tétouan,NA (Tetouan Al Azhar),495.6853332519531,389.0244445800781,295.51968002319336,NA
Tanger - Tétouan,Tétouan,NA (Tetouan Sidi Al Mandri),352.0209655761719,335.5103454589844,278.2347191704644,NA
Tanger - Tétouan,Tétouan,Tetouan,2.823596477508545,4.571174621582031,8.335770123883297,NA
Taza - Al Hoceima - Taounate,Al Hoceïma,Bni Boufrah,0.4396953284740448,1.7395925521850586,4.9725630704094375,NA
Taza - Al Hoceima - Taounate,Al Hoceïma,Bni Ouriagh,4.840967178344727,10.584880828857422,15.295732849353069,NA
Taza - Al Hoceima - Taounate,Al Hoceïma,NA (Al Hoceima),364.0616455078125,507.1685791015625,466.4379198628087,NA
Taza - Al Hoceima - Taounate,Al Hoceïma,NA (Bni Bouayach),31.53660011291504,94.13421630859375,66.1740505695343,NA
Taza - Al Hoceima - Taounate,Al Hoceïma,NA (Imzouren),197.76170349121094,265.2311706542969,230.77106529474258,NA
Taza - Al Hoceima - Taounate,Al Hoceïma,NA (Targuist),135.66246032714844,195.68441772460938,166.16455730315178,NA
Taza - Al Hoceima - Taounate,Al Hoceïma,Targuist,0.683531641960144,1.2886816263198853,5.241171711021,NA
Taza - Al Hoceima - Taounate,Taounate,Ghafsai,1.6681411266326904,1.5867365598678589,5.79394427708217,NA
Taza - Al Hoceima - Taounate,Taounate,Kariat Ba M,1.5694231986999512,2.301121711730957,6.276783512698279,NA
Taza - Al Hoceima - Taounate,Taounate,NA (Ghafsai),23.638652801513672,31.136764526367188,28.94729182124138,NA
Taza - Al Hoceima - Taounate,Taounate,NA (Kariat Ba Mohamed),1.7810527086257935,4.903468132019043,9.436731403524226,NA
Taza - Al Hoceima - Taounate,Taounate,NA (Taouante),53.77544403076172,65.8309097290039,64.2156692273689,NA
Taza - Al Hoceima - Taounate,Taounate,NA (Thar Essouk),0.12949825823307037,0.7388656139373779,5.028627319370999,NA
Taza - Al Hoceima - Taounate,Taounate,NA (Tissa),16.059537887573242,29.64362144470215,28.84699991977576,NA
Taza - Al Hoceima - Taounate,Taounate,Taounate,1.9918212890625,2.9235832691192627,7.179649990958136,NA
Taza - Al Hoceima - Taounate,Taounate,Tissa,0.9415584206581116,1.7483484745025635,6.04727198349105,NA
Taza - Al Hoceima - Taounate,Taza,Aknoul,1.4862920045852661,1.8848185539245605,5.2153591304212,NA
Taza - Al Hoceima - Taounate,Taza,Guercif,0.4819682240486145,0.8343596458435059,4.081271139351097,NA
Taza - Al Hoceima - Taounate,Taza,NA (Aknoul),3.9248709678649902,9.006572723388672,13.325846542011607,NA
Taza - Al Hoceima - Taounate,Taza,NA (Guercif),221.4733428955078,314.4584045410156,266.91454225427964,NA
Taza - Al Hoceima - Taounate,Taza,NA (Ouad Amlil),19.057849884033203,17.504987716674805,21.571176227401285,NA
Taza - Al Hoceima - Taounate,Taza,NA (Tahla),24.415573120117188,58.34530258178711,53.03982025034287,NA
Taza - Al Hoceima - Taounate,Taza,NA (Taza Al Oulia),204.30079650878906,212.53759765625,201.48734390034394,NA
Taza - Al Hoceima - Taounate,Taza,NA (Taza El Jadida),387.3259582519531,343.7367858886719,348.97987270355225,NA
Taza - Al Hoceima - Taounate,Taza,Ouad Amlil,2.313758611679077,3.0433404445648193,6.956248470254847,NA
Taza - Al Hoceima - Taounate,Taza,Tahla,0.5564913749694824,1.0753556489944458,4.7509383045964775,NA
Taza - Al Hoceima - Taounate,Taza,Tainaste,0.1347639262676239,0.3828642964363098,3.9562905174162655,NA
Taza - Al Hoceima - Taounate,Taza,Taza,1.814624309539795,3.022927761077881,7.559463123480478,NA
